date,visit_id,age_range,frequency_group_aggregated
20210927,16023372,16-24,weekly
20210927,29551233,55+,weekly
20210927,10443423,16-24,infrequent
20210930,11212965,35-44,weekly
20210929,13732091,35-44,infrequent
20210928,18676521,45-54,weekly
20210930,8967213,35-44,infrequent
20210928,15353543,35-44,weekly
20210929,16868741,45-54,weekly
20210929,25451641,25-34,weekly
20210927,29188652,55+,infrequent
20210928,13639074,25-34,weekly
20211001,2366763,45-54,weekly
20210930,5419201,55+,infrequent
20211001,11380293,16-24,infrequent
20211002,9056442,25-34,weekly
20210927,26104275,35-44,weekly
20210930,13877731,25-34,weekly
20211001,22136021,35-44,infrequent
20210930,21877083,35-44,weekly
20210930,14706502,16-24,reacquired
20210930,12424693,16-24,infrequent
20211003,17384154,55+,infrequent
20210929,23205621,16-24,weekly
20210930,19913715,Unknown,weekly
20211002,28616081,55+,reacquired
20211002,28022502,25-34,weekly
20211003,25364643,45-54,weekly
20211002,25774023,55+,weekly
20211002,3585802,45-54,weekly
20211002,66501,25-34,infrequent
20211003,9023303,Unknown,weekly
20210930,24039773,25-34,weekly
20210928,31508645,45-54,weekly
20210927,1593593,45-54,weekly
20210927,18407162,Unknown,weekly
20210929,23765993,25-34,weekly
20210928,21955274,35-44,infrequent
20210930,23321931,35-44,weekly
20210929,17612671,Unknown,weekly
20211001,568141,25-34,weekly
20210929,1443864,55+,weekly
20210929,18720001,55+,weekly
20211002,28430364,45-54,weekly
20210928,28632692,Unknown,weekly
20211001,25676221,25-34,weekly
20211003,9322045,25-34,weekly
20210929,5741312,Under 13,infrequent
20210929,24089013,16-24,weekly
20210930,22584135,25-34,infrequent
20211002,25515813,16-24,weekly
20211003,18563401,25-34,weekly
20211003,3065791,55+,weekly
20210930,16674875,Unknown,weekly
20210928,24324352,35-44,weekly
20210928,4992264,55+,weekly
20211003,7926243,16-24,infrequent
20211003,28159932,Unknown,weekly
20210930,22610103,35-44,weekly
20211002,14134164,25-34,infrequent
20211001,9390922,16-24,infrequent
20210930,14020681,35-44,weekly
20210928,31239351,25-34,weekly
20211002,20048172,45-54,weekly
20211003,12384202,45-54,infrequent
20211001,5161611,45-54,weekly
20211001,24492292,16-24,weekly
20211003,20492453,16-24,infrequent
20210929,20355431,35-44,weekly
20210929,13742724,55+,infrequent
20210929,13492374,35-44,infrequent
20210927,9724465,35-44,weekly
20210928,2521885,35-44,infrequent
20210927,6546731,35-44,weekly
20210929,12641934,35-44,weekly
20210927,14030291,45-54,infrequent
20210927,25522574,55+,weekly
20210927,5262544,25-34,weekly
20210927,9124064,13-15,infrequent
20210927,2230953,45-54,weekly
20211002,7051283,25-34,infrequent
20210930,948491,25-34,reacquired
20211001,9101251,55+,infrequent
20210929,14063012,55+,weekly
20210928,23194605,55+,weekly
20211003,21260401,13-15,infrequent
20211002,14752492,Unknown,infrequent
20211003,3034543,55+,weekly
20210928,18508924,55+,weekly
20210929,5835281,55+,infrequent
20211003,25806484,55+,weekly
20211003,10355673,25-34,weekly
20210929,5930805,16-24,infrequent
20211003,15691565,55+,infrequent
20211002,25355554,25-34,infrequent
20211003,32294752,25-34,weekly
20211003,21881721,55+,weekly
20211003,33227665,16-24,infrequent
20210929,25001123,55+,weekly
20211003,32804711,Unknown,weekly
20210928,17807542,16-24,infrequent
20210929,9259065,16-24,weekly
20210927,6910824,35-44,weekly
20211001,6198552,35-44,weekly
20210927,3301831,25-34,weekly
20211001,9625532,25-34,weekly
20210929,3353764,16-24,weekly
20211001,5223514,25-34,weekly
20210929,21678562,55+,weekly
20210929,3750592,35-44,new
20210929,16124865,Unknown,weekly
20210928,9626264,Unknown,weekly
20210930,10140115,Unknown,weekly
20210928,11687404,55+,weekly
20211001,11683144,55+,weekly
20210929,22272582,Unknown,weekly
20211001,11518581,35-44,weekly
20210928,17640305,55+,reacquired
20211002,27241165,55+,weekly
20211003,24741535,35-44,weekly
20210929,21214814,35-44,infrequent
20210929,25322873,16-24,weekly
20210929,7432734,16-24,infrequent
20210930,16825303,45-54,weekly
20211001,8669443,16-24,weekly
20211003,32007724,35-44,weekly
20211003,2109573,25-34,weekly
20210929,21029761,55+,weekly
20211002,21038625,16-24,weekly
20210927,5597015,Unknown,weekly
20210929,23323264,25-34,infrequent
20211001,17879083,25-34,weekly
20211001,23327455,25-34,reacquired
20210928,17896444,25-34,weekly
20211001,6951811,25-34,weekly
20210930,26175323,55+,weekly
20210928,9892385,25-34,infrequent
20211001,14528423,35-44,weekly
20211002,7635621,25-34,weekly
20210929,14950084,Unknown,weekly
20210927,28993891,45-54,weekly
20211001,968364,25-34,weekly
20210928,12880414,16-24,weekly
20210927,15297703,55+,infrequent
20211003,25223081,35-44,weekly
20210928,19174873,Unknown,weekly
20210930,1321933,45-54,weekly
20210928,9670313,25-34,weekly
20211001,22881803,16-24,weekly
20211001,9420852,25-34,infrequent
20210930,10549105,45-54,weekly
20211003,32998841,55+,weekly
20211002,16723112,55+,infrequent
20210929,17698135,25-34,weekly
20210928,23334865,55+,weekly
20211001,7733065,Unknown,weekly
20211003,17470091,35-44,weekly
20210927,15750782,55+,weekly
20210927,12172405,25-34,infrequent
20210927,6796071,16-24,infrequent
20210930,19136405,45-54,weekly
20210930,2234472,55+,weekly
20210928,18042935,55+,weekly
20210928,17290873,45-54,weekly
20210930,18617754,Unknown,weekly
20210927,1279311,Unknown,weekly
20210927,1740081,35-44,infrequent
20210928,3908501,45-54,weekly
20210928,29217224,35-44,weekly
20211003,1893913,35-44,infrequent
20210929,1325162,45-54,weekly
20210930,17012752,25-34,infrequent
20210927,12334063,45-54,weekly
20210928,5814374,25-34,weekly
20210928,21670712,25-34,weekly
20210929,9558315,45-54,weekly
20211003,17063484,55+,weekly
20211001,5096461,16-24,weekly
20210928,25604525,16-24,weekly
20210927,28238964,Unknown,weekly
20210930,10581385,16-24,infrequent
20211001,19239954,55+,infrequent
20211002,20396134,16-24,infrequent
20211003,26653842,45-54,weekly
20210928,31907783,35-44,weekly
20211001,21248312,Unknown,weekly
20211001,8415551,25-34,infrequent
20210927,7072824,45-54,infrequent
20210927,25780561,25-34,reacquired
20210928,24034624,Unknown,weekly
20211001,14094834,45-54,weekly
20210928,9460314,35-44,weekly
20210927,29145712,55+,infrequent
20210928,18484294,45-54,weekly
20210930,13282683,35-44,weekly
20210929,3203373,45-54,infrequent
20210927,12179582,25-34,weekly
20211001,25533894,Unknown,weekly
20211003,8091915,35-44,weekly
20210927,20287454,55+,weekly
20210928,16349654,55+,new
20210930,6834141,55+,new
20210930,23556265,35-44,weekly
20210927,17364462,35-44,weekly
20210927,26690731,55+,weekly
20211001,24692351,55+,weekly
20211003,30207822,45-54,weekly
20210928,27341804,55+,weekly
20210927,11947141,55+,weekly
20210927,21514672,16-24,infrequent
20210927,14751652,55+,weekly
20210930,10551664,55+,weekly
20210927,9343504,55+,weekly
20210929,23185833,35-44,weekly
20210927,11617593,25-34,weekly
20210928,11602751,45-54,weekly
20211001,10438631,55+,weekly
20210927,14898331,Unknown,infrequent
20210929,6406163,55+,weekly
20210927,5418085,Unknown,infrequent
20211002,16741762,55+,weekly
20211003,25349954,55+,infrequent
20211002,4054904,35-44,weekly
20210927,16634585,55+,weekly
20211003,28196274,25-34,weekly
20210927,26483053,35-44,weekly
20211002,22038385,45-54,weekly
20211003,28271552,25-34,weekly
20210930,18152585,16-24,infrequent
20210927,6131393,25-34,infrequent
20211003,10253475,35-44,weekly
20211001,17873785,16-24,new
20210930,11830841,55+,weekly
20211002,22089035,35-44,weekly
20210930,12101633,16-24,weekly
20211002,26417631,55+,weekly
20211003,15010651,16-24,weekly
20211003,33605945,45-54,weekly
20210927,3499695,25-34,weekly
20210930,18701942,Unknown,weekly
20210928,4127412,55+,infrequent
20210928,8318745,25-34,weekly
20210929,25466104,Unknown,weekly
20210927,3974022,Unknown,weekly
20210927,7904394,25-34,infrequent
20210927,15588815,16-24,weekly
20210928,318413,35-44,weekly
20210928,9953723,55+,weekly
20210928,29439894,35-44,weekly
20210928,12323091,45-54,weekly
20210927,19875034,55+,infrequent
20210927,17184093,55+,infrequent
20211001,17476041,55+,weekly
20211002,23176932,55+,weekly
20211002,21144611,55+,weekly
20211001,20485973,55+,weekly
20210930,24258893,Unknown,weekly
20210927,11169145,55+,weekly
20210928,9960373,35-44,infrequent
20210927,23812841,16-24,weekly
20210929,26541825,55+,weekly
20210928,15205474,55+,infrequent
20211001,25692613,35-44,weekly
20211002,4833952,55+,weekly
20211003,13818183,Unknown,weekly
20210929,22907095,45-54,weekly
20211001,6639823,16-24,weekly
20210930,26517022,16-24,infrequent
20211001,20718623,55+,weekly
20211003,1192721,45-54,weekly
20210930,12548653,45-54,weekly
20210929,10128165,55+,infrequent
20210927,2460165,Unknown,weekly
20211003,23731812,16-24,infrequent
20211002,7445125,16-24,weekly
20210929,10727905,55+,weekly
20210928,19138053,25-34,infrequent
20210927,15258834,25-34,infrequent
20210929,6787614,55+,infrequent
20210930,14020892,Unknown,weekly
20210928,17752631,35-44,weekly
20210927,29578915,55+,weekly
20210930,23522262,55+,infrequent
20210930,20315933,25-34,weekly
20210930,25106265,25-34,weekly
20210929,9400722,Unknown,weekly
20210929,25746234,45-54,infrequent
20211001,636733,35-44,weekly
20210929,10476232,25-34,infrequent
20210930,15237443,55+,weekly
20211001,23145355,25-34,weekly
20210927,4382542,45-54,weekly
20210927,5166564,45-54,weekly
20211001,763694,16-24,infrequent
20210929,24612481,35-44,infrequent
20211003,27601883,Unknown,weekly
20211003,1533034,55+,weekly
20210929,20867873,55+,infrequent
20210929,18261255,25-34,new
20210927,28707183,45-54,weekly
20210927,6920383,35-44,weekly
20211002,24656154,Unknown,weekly
20210927,11890272,35-44,weekly
20210930,3968651,35-44,weekly
20210929,4331465,55+,weekly
20210928,29032415,25-34,infrequent
20210927,705705,45-54,weekly
20210928,27892825,35-44,weekly
20211002,2391983,16-24,weekly
20210930,6537753,25-34,weekly
20210927,30802851,55+,weekly
20211002,26251104,45-54,reacquired
20211003,27073862,45-54,weekly
20210927,21002634,55+,weekly
20210928,22970291,35-44,weekly
20210928,32201644,45-54,weekly
20211001,10632163,35-44,weekly
20211002,24405533,Unknown,weekly
20211003,1894671,55+,weekly
20211003,31075872,45-54,weekly
20211003,9107835,Unknown,weekly
20210928,23105985,55+,weekly
20210929,10593274,Unknown,weekly
20211003,32748335,45-54,weekly
20211001,11356501,55+,new
20211002,2129925,Unknown,weekly
20210930,26704153,55+,weekly
20210929,15170784,55+,weekly
20211003,4098035,45-54,weekly
20211003,5648392,45-54,weekly
20211003,1384101,35-44,weekly
20211003,31278942,25-34,weekly
20210927,7692711,16-24,infrequent
20211003,4970143,25-34,weekly
20210929,8973121,55+,infrequent
20210927,22318103,55+,weekly
20210927,836931,55+,weekly
20211003,29390673,Unknown,weekly
20211003,10974974,25-34,infrequent
20210929,2441392,16-24,weekly
20211003,32726601,55+,weekly
20211003,31118485,45-54,infrequent
20210927,27850951,16-24,weekly
20210927,26378701,55+,weekly
20210930,21313425,16-24,weekly
20210927,12847925,13-15,weekly
20210927,9189465,Unknown,weekly
20210927,1689974,16-24,infrequent
20211001,12088301,25-34,weekly
20210930,23498982,16-24,weekly
20210927,2612853,55+,infrequent
20210929,16724174,55+,weekly
20210929,23534501,25-34,infrequent
20211003,18709725,45-54,infrequent
20210928,28607501,Unknown,weekly
20210929,24836062,25-34,weekly
20211001,19214304,45-54,weekly
20211003,23488931,55+,weekly
20211002,7904493,35-44,new
20210930,17624355,25-34,weekly
20211002,23896045,55+,weekly
20211003,29841742,35-44,weekly
20211003,16601702,45-54,infrequent
20210928,29972223,25-34,weekly
20211002,23732411,25-34,reacquired
20210927,7534681,45-54,weekly
20210927,26735345,55+,weekly
20210928,16352153,55+,weekly
20210928,29010181,25-34,infrequent
20210929,8755112,25-34,weekly
20210927,4367333,35-44,infrequent
20210927,9389283,45-54,weekly
20210930,22656943,35-44,weekly
20210928,30677221,35-44,weekly
20210930,26499005,25-34,new
20210930,21050591,55+,weekly
20211002,28359465,16-24,weekly
20210927,22274064,55+,weekly
20210929,25499612,Unknown,infrequent
20210929,13909823,Unknown,weekly
20211003,15507393,55+,weekly
20210928,9851814,Under 13,weekly
20210927,26479274,16-24,weekly
20211003,20914043,Unknown,infrequent
20211002,24010044,45-54,infrequent
20210929,1274611,45-54,weekly
20210927,8751323,16-24,infrequent
20210930,6345721,55+,weekly
20211003,33177914,Unknown,infrequent
20211001,24975922,Unknown,weekly
20210930,16601053,25-34,infrequent
20210928,26922981,25-34,infrequent
20211003,15726163,55+,infrequent
20211002,24084971,35-44,weekly
20211003,10463532,55+,weekly
20211003,29395252,45-54,infrequent
20210928,13564622,16-24,infrequent
20210927,27797155,45-54,weekly
20210928,31227425,45-54,weekly
20211002,25989464,35-44,weekly
20210929,22585873,25-34,weekly
20210927,22584692,Unknown,infrequent
20210927,7989703,Unknown,weekly
20211003,10809374,45-54,weekly
20210930,24160533,45-54,weekly
20210930,7258075,16-24,weekly
20210930,16946515,25-34,weekly
20210930,5914373,45-54,weekly
20211002,28340331,45-54,weekly
20211002,20636025,25-34,infrequent
20211003,8533493,Unknown,weekly
20210930,17239623,16-24,weekly
20210929,6805513,Unknown,weekly
20210929,14346512,35-44,weekly
20211002,14307993,25-34,weekly
20210930,25604145,55+,weekly
20210929,5943241,35-44,weekly
20211003,20597391,55+,weekly
20211003,25588214,35-44,infrequent
20210929,5592624,16-24,weekly
20211003,14953915,35-44,weekly
20210927,7098622,25-34,weekly
20211003,3138535,45-54,weekly
20210928,18765911,35-44,infrequent
20211003,6151865,Unknown,weekly
20210928,31346721,45-54,weekly
20210928,9065785,35-44,infrequent
20210928,28821555,45-54,weekly
20210929,7776964,25-34,weekly
20210930,5860935,55+,weekly
20210929,23019404,25-34,weekly
20211001,23511605,Unknown,weekly
20211001,6721995,55+,weekly
20211001,15188283,13-15,new
20211002,20804201,35-44,weekly
20211002,17418033,13-15,infrequent
20211001,6148845,25-34,reacquired
20211002,11385785,Unknown,weekly
20211003,15989743,25-34,weekly
20211003,11087621,55+,weekly
20210930,25628722,55+,weekly
20210928,1662985,25-34,weekly
20211003,3506481,25-34,infrequent
20210930,6409455,35-44,weekly
20211003,13451383,45-54,weekly
20210928,21439765,25-34,weekly
20210927,6061775,55+,weekly
20210928,8503021,55+,weekly
20210929,19831891,16-24,weekly
20211001,7122764,35-44,weekly
20211003,11969083,55+,infrequent
20211003,20062274,55+,weekly
20210927,6599721,45-54,weekly
20210927,25715661,35-44,weekly
20210927,9753622,25-34,weekly
20211001,12237665,35-44,weekly
20210928,18955394,45-54,infrequent
20210930,11044275,55+,weekly
20210928,14376555,55+,weekly
20211002,20911962,55+,weekly
20210929,452331,55+,reacquired
20211001,26441535,25-34,weekly
20210927,1649681,25-34,infrequent
20211001,9885052,35-44,weekly
20211003,27001281,55+,weekly
20210929,23328795,Unknown,weekly
20210930,19098302,55+,weekly
20211003,24684052,55+,weekly
20210929,9480931,35-44,weekly
20211003,22049905,Unknown,weekly
20211001,14170871,45-54,weekly
20211003,11566461,55+,weekly
20211002,25778152,45-54,weekly
20210928,24076094,55+,weekly
20210930,19341653,55+,weekly
20211001,14437632,55+,weekly
20211003,31280505,55+,infrequent
20210929,23968412,25-34,infrequent
20211003,29135893,55+,infrequent
20211002,2378375,35-44,weekly
20211002,27436434,25-34,weekly
20211003,11307881,35-44,weekly
20210930,8984661,45-54,infrequent
20210929,1039472,55+,weekly
20210927,31044493,25-34,weekly
20210928,21802803,Unknown,weekly
20210927,5406761,Unknown,weekly
20210930,20237372,45-54,weekly
20211003,28149021,55+,weekly
20210927,28463082,25-34,infrequent
20210928,7553212,55+,weekly
20210930,20102564,45-54,weekly
20210930,11479832,55+,weekly
20210927,5161834,55+,infrequent
20211003,33345903,35-44,weekly
20211001,872122,45-54,weekly
20211001,8411304,55+,infrequent
20211003,12518632,55+,weekly
20211003,20495962,35-44,infrequent
20211002,9680273,25-34,new
20210929,6901294,35-44,weekly
20210929,23381222,25-34,weekly
20210930,26566224,25-34,weekly
20210928,27720784,35-44,weekly
20210929,8577382,35-44,weekly
20211002,3809933,16-24,infrequent
20211003,16748934,16-24,infrequent
20210927,18832874,55+,weekly
20211001,9100954,Unknown,weekly
20211002,300005,55+,weekly
20211003,31021654,45-54,weekly
20211002,22017522,35-44,weekly
20210927,25529872,25-34,infrequent
20211002,886424,25-34,weekly
20210929,25533791,25-34,weekly
20210930,19161681,25-34,weekly
20211003,15261375,25-34,weekly
20210927,5421554,16-24,infrequent
20210928,8899623,16-24,weekly
20210928,24599423,16-24,weekly
20210929,16374003,55+,weekly
20210928,12664252,35-44,weekly
20210928,1032635,25-34,weekly
20210929,16538994,45-54,new
20210929,9311903,45-54,weekly
20210929,11455671,16-24,weekly
20210927,16657561,35-44,weekly
20211001,397713,55+,weekly
20211001,8737963,35-44,weekly
20210928,26627381,25-34,weekly
20210928,7397211,45-54,weekly
20210929,15027534,55+,reacquired
20211003,15964435,16-24,weekly
20210928,6538961,25-34,weekly
20210930,12750795,16-24,weekly
20210929,26820983,25-34,weekly
20210928,7590341,55+,weekly
20210930,10309034,16-24,weekly
20211003,13880001,25-34,infrequent
20211003,24956223,16-24,weekly
20211003,8043321,55+,weekly
20210928,1567813,45-54,new
20210928,19039942,Unknown,infrequent
20211003,3037421,25-34,weekly
20211001,24013323,55+,infrequent
20211002,9713405,25-34,infrequent
20210928,27661601,45-54,weekly
20210929,24795295,45-54,weekly
20210928,4216321,55+,weekly
20211003,554175,55+,weekly
20211002,23784913,45-54,weekly
20210929,10563075,16-24,infrequent
20211002,1476831,16-24,weekly
20211003,23206021,16-24,infrequent
20211003,12764321,45-54,weekly
20211003,1438281,55+,weekly
20211002,2678983,35-44,weekly
20210927,25210423,55+,weekly
20211003,33518104,55+,weekly
20210927,6861503,55+,reacquired
20210929,12103622,45-54,weekly
20210929,8707723,Unknown,weekly
20210929,15168505,45-54,weekly
20211003,921065,35-44,weekly
20211001,20189585,Unknown,infrequent
20211003,2714161,25-34,infrequent
20210927,26020114,25-34,infrequent
20210927,24479065,25-34,weekly
20211001,19190483,25-34,weekly
20210929,17516715,45-54,weekly
20211002,9556462,55+,weekly
20210928,25105451,55+,weekly
20210928,19377422,Unknown,weekly
20211003,21623145,16-24,infrequent
20210930,11490771,Unknown,weekly
20210930,10964072,25-34,weekly
20211002,18675943,55+,weekly
20211003,17396632,55+,weekly
20210929,24831964,45-54,weekly
20211001,9806834,45-54,weekly
20211002,14169355,55+,weekly
20210927,5482932,55+,weekly
20210930,14617181,25-34,weekly
20211002,28717103,55+,weekly
20210927,12748413,Unknown,weekly
20210927,20632675,25-34,weekly
20210927,26706514,Unknown,weekly
20210929,6499512,55+,weekly
20211001,18231103,55+,weekly
20210927,28572893,Unknown,infrequent
20210929,21304495,25-34,weekly
20210928,15482605,55+,weekly
20210927,2094895,55+,infrequent
20211002,22393614,35-44,infrequent
20210927,17203245,55+,infrequent
20211002,16838425,45-54,weekly
20210928,30068331,25-34,infrequent
20211001,20411904,45-54,weekly
20211002,2479783,55+,weekly
20211003,19730281,55+,weekly
20210929,10874034,35-44,weekly
20211001,24102613,Unknown,weekly
20211001,10387755,25-34,weekly
20210927,9818071,55+,weekly
20211002,14709854,55+,weekly
20211001,20573262,Unknown,weekly
20210927,19144433,35-44,weekly
20211003,18330342,55+,weekly
20211003,19092203,16-24,infrequent
20211001,647472,Unknown,weekly
20211001,13285693,45-54,weekly
20210928,20774261,35-44,weekly
20210927,5351625,35-44,weekly
20210927,27872053,45-54,weekly
20210928,28612854,Unknown,infrequent
20210929,1134492,55+,weekly
20210928,27298792,55+,infrequent
20210930,522892,55+,weekly
20211002,25636575,25-34,weekly
20211001,14324704,16-24,weekly
20210930,13513363,25-34,infrequent
20210929,12036601,16-24,new
20210930,23294234,45-54,weekly
20210929,7055903,55+,weekly
20211001,21952923,25-34,new
20210927,13981071,55+,weekly
20211003,23542984,25-34,weekly
20211002,20212723,55+,weekly
20211003,29202143,35-44,weekly
20210927,27241415,45-54,weekly
20210927,13397205,55+,weekly
20210929,19265963,Unknown,weekly
20210929,3393253,35-44,weekly
20210929,19981235,Unknown,weekly
20210930,16534015,55+,weekly
20211003,11061313,25-34,infrequent
20210930,11187241,Unknown,weekly
20210929,12383731,55+,weekly
20211002,7246681,55+,weekly
20211003,7143594,55+,weekly
20210929,17968664,55+,infrequent
20210927,23553863,55+,weekly
20210928,10398125,45-54,weekly
20211001,13956861,45-54,weekly
20211002,23934901,35-44,infrequent
20210928,14147505,16-24,infrequent
20210927,9567044,16-24,new
20211003,3935432,55+,infrequent
20211003,17764174,55+,weekly
20211003,9429752,25-34,weekly
20211001,2164323,55+,weekly
20211001,20138211,45-54,weekly
20211003,26855933,55+,infrequent
20211003,22864964,Unknown,weekly
20210928,28277865,45-54,weekly
20211002,7963034,55+,infrequent
20210928,19991213,55+,weekly
20210930,12640671,55+,weekly
20211002,25577312,25-34,weekly
20210927,6064621,55+,infrequent
20210927,691332,55+,weekly
20210929,2338645,55+,weekly
20211003,30710434,16-24,infrequent
20211001,13795345,55+,weekly
20210927,9324614,45-54,weekly
20210928,6707573,55+,weekly
20210927,1640525,45-54,weekly
20210930,1385845,Unknown,weekly
20210928,13634363,55+,weekly
20210927,28184303,55+,weekly
20210930,19947695,55+,weekly
20210928,24709315,55+,infrequent
20211001,7004681,35-44,weekly
20211001,9559883,45-54,weekly
20210929,8612921,35-44,weekly
20211001,8700174,45-54,weekly
20210930,9716895,45-54,weekly
20211003,10579715,35-44,weekly
20210929,22462842,35-44,weekly
20211002,20176651,55+,weekly
20211003,8886951,35-44,weekly
20210927,28364832,Unknown,weekly
20211003,2111912,55+,weekly
20211003,16156182,35-44,weekly
20210927,7882773,13-15,infrequent
20210927,15519635,25-34,weekly
20211002,21934582,25-34,weekly
20210930,14116143,55+,weekly
20211001,8051651,35-44,weekly
20210928,19068242,45-54,weekly
20210929,14007925,55+,weekly
20210930,25472963,25-34,weekly
20210930,23963822,25-34,weekly
20210928,1367732,55+,weekly
20211001,9594592,55+,weekly
20210930,22549923,55+,weekly
20210927,7383361,55+,weekly
20211003,166071,Unknown,weekly
20210928,10533754,25-34,weekly
20211002,21351511,55+,weekly
20211002,20356223,Unknown,weekly
20211003,33049983,55+,weekly
20211003,30006562,25-34,infrequent
20211002,27736045,25-34,weekly
20210929,10296325,Unknown,weekly
20211003,11087081,35-44,weekly
20211003,30160631,25-34,weekly
20210927,22957423,25-34,weekly
20210928,25063821,45-54,weekly
20210929,21103791,55+,infrequent
20211001,9063994,55+,weekly
20211001,3949031,45-54,infrequent
20211003,2914521,35-44,weekly
20210929,4190584,55+,infrequent
20210929,24420212,Unknown,weekly
20210927,23067014,55+,weekly
20210927,19034734,55+,weekly
20210928,21896611,35-44,weekly
20210928,27423553,Unknown,weekly
20210928,31232635,25-34,weekly
20211002,13315902,45-54,new
20210930,20791901,16-24,weekly
20211003,10391292,55+,weekly
20211002,16538352,55+,weekly
20211001,16165305,16-24,new
20210930,768832,55+,weekly
20211003,15453272,45-54,infrequent
20211003,7862453,35-44,weekly
20211003,20287185,16-24,weekly
20211001,10080132,16-24,weekly
20210927,25643102,25-34,weekly
20210928,12595504,35-44,weekly
20211002,21003513,25-34,infrequent
20210927,20740361,Unknown,weekly
20210927,23822414,35-44,weekly
20210927,4744935,55+,infrequent
20211001,11264033,16-24,weekly
20210930,17786965,55+,weekly
20210928,8827522,45-54,weekly
20211001,15496275,45-54,weekly
20210927,20788224,45-54,weekly
20210927,28508381,13-15,weekly
20211002,22523165,Unknown,weekly
20211002,14503724,45-54,weekly
20210927,7568681,55+,weekly
20210927,30216802,25-34,weekly
20211001,10317125,Unknown,weekly
20211002,6181472,16-24,infrequent
20211002,5184833,25-34,weekly
20210929,23815073,16-24,infrequent
20210929,9674253,25-34,weekly
20210928,12544675,25-34,infrequent
20211001,18462244,55+,new
20210929,14852952,35-44,weekly
20210930,22292023,55+,weekly
20211001,8726222,55+,infrequent
20211003,3020991,Unknown,weekly
20211001,15534371,16-24,weekly
20211002,10326931,25-34,infrequent
20211003,19861594,16-24,infrequent
20211002,25022045,45-54,weekly
20211002,2144612,45-54,weekly
20211003,20319283,55+,weekly
20211002,2839912,45-54,weekly
20210930,12653461,55+,weekly
20211002,6298063,55+,weekly
20210927,25386893,35-44,weekly
20211003,28560291,55+,weekly
20210929,17055911,45-54,infrequent
20210928,17630342,55+,weekly
20210929,5474873,55+,weekly
20210928,16100195,35-44,weekly
20210928,19846983,16-24,infrequent
20210930,7246893,25-34,reacquired
20210930,18756304,55+,infrequent
20211003,24848905,25-34,infrequent
20210928,10079642,45-54,weekly
20211003,2091945,55+,weekly
20210927,16234514,55+,weekly
20211001,9669825,25-34,weekly
20210929,17028105,25-34,weekly
20210929,23681141,25-34,infrequent
20211001,19945601,35-44,weekly
20211002,27516022,35-44,reacquired
20211001,11322675,Unknown,weekly
20211003,19791441,Unknown,weekly
20210930,706475,55+,weekly
20210930,9181614,35-44,weekly
20211003,9841662,45-54,weekly
20210929,20467514,55+,weekly
20210928,18286645,Unknown,weekly
20210930,25768514,16-24,weekly
20211002,28517652,55+,weekly
20211002,14535445,55+,weekly
20211002,19621545,55+,weekly
20211002,26098311,25-34,weekly
20211002,6080724,55+,weekly
20211003,11390864,55+,infrequent
20210927,12247333,16-24,weekly
20211003,1538512,45-54,weekly
20210927,25910203,55+,weekly
20210927,1705902,45-54,weekly
20210930,23015755,25-34,weekly
20210929,7452992,35-44,weekly
20210927,26263475,35-44,weekly
20211002,7063004,55+,weekly
20211001,1832323,Unknown,infrequent
20210929,14559091,16-24,infrequent
20210927,2070843,45-54,infrequent
20211002,16789665,55+,weekly
20211001,24124994,Unknown,weekly
20211002,6111163,Unknown,weekly
20210927,24317383,16-24,weekly
20210930,17627804,25-34,infrequent
20211003,20221551,45-54,weekly
20211002,6557561,45-54,infrequent
20210928,21283515,45-54,weekly
20211003,4412395,55+,weekly
20210929,10328445,55+,weekly
20211001,15522351,55+,weekly
20211003,10765435,35-44,infrequent
20211003,7670053,45-54,new
20211003,21070222,45-54,weekly
20210927,28490071,Unknown,weekly
20210927,19410824,16-24,weekly
20210927,13434935,55+,infrequent
20211001,16451845,45-54,infrequent
20210928,16621942,45-54,weekly
20210928,3399324,Unknown,weekly
20210928,31764892,55+,weekly
20210927,12208674,55+,weekly
20210929,1760835,25-34,weekly
20210927,25349735,55+,infrequent
20210927,21638051,45-54,infrequent
20210927,30661685,55+,weekly
20210927,17498772,35-44,weekly
20210927,27986362,45-54,weekly
20210930,24392204,35-44,infrequent
20210930,16468002,55+,weekly
20210927,15674422,55+,weekly
20210927,29500304,55+,weekly
20210927,11631212,45-54,infrequent
20211001,2707562,55+,infrequent
20210930,6805952,55+,weekly
20211003,17794675,35-44,infrequent
20210928,28142463,25-34,infrequent
20210930,5464632,Unknown,weekly
20211002,21151031,25-34,weekly
20210930,9176443,45-54,weekly
20210930,8181435,45-54,weekly
20210930,15159041,55+,weekly
20211003,33497782,45-54,weekly
20211003,11407681,35-44,weekly
20210927,10250581,45-54,weekly
20210929,11104792,25-34,weekly
20210929,771051,16-24,weekly
20211002,18049794,25-34,infrequent
20210928,11420291,35-44,weekly
20210928,31947463,45-54,weekly
20210927,9582145,55+,weekly
20211001,1219904,25-34,weekly
20210929,16391754,16-24,new
20210928,30644854,55+,weekly
20210929,6748982,35-44,weekly
20211002,6720365,25-34,weekly
20210930,18051782,35-44,weekly
20210927,1457213,55+,infrequent
20211002,16366363,35-44,weekly
20210928,21708821,16-24,weekly
20211003,1946082,Unknown,weekly
20210930,2264501,55+,weekly
20210927,30238165,35-44,weekly
20210930,8576321,45-54,weekly
20210929,8634835,16-24,infrequent
20210927,804493,25-34,weekly
20211001,19415563,55+,weekly
20210928,28447473,Unknown,infrequent
20210928,31813624,55+,weekly
20211003,8647442,35-44,weekly
20211001,2032781,16-24,weekly
20210930,20284494,55+,weekly
20210928,21758343,55+,new
20210930,3397251,35-44,weekly
20210928,27308673,35-44,weekly
20210928,31622142,25-34,weekly
20210928,9486512,25-34,weekly
20210927,13148015,Unknown,weekly
20210930,12595704,35-44,weekly
20211001,13789904,25-34,weekly
20210928,14327415,16-24,infrequent
20210929,20649272,45-54,weekly
20210928,14195222,55+,infrequent
20210928,14191641,55+,infrequent
20211002,22268054,45-54,weekly
20211003,12347643,45-54,weekly
20211003,33165662,16-24,weekly
20211001,19986533,16-24,infrequent
20210929,2688822,55+,infrequent
20211001,4267703,35-44,weekly
20211001,4232521,35-44,infrequent
20211002,1757251,25-34,weekly
20210929,19350644,16-24,infrequent
20211003,10406194,25-34,weekly
20210929,606534,35-44,weekly
20210929,1960462,55+,weekly
20210927,7995513,16-24,new
20210928,20088954,16-24,weekly
20210928,7228735,45-54,weekly
20210930,19098545,55+,weekly
20211001,15450174,45-54,infrequent
20210930,642651,45-54,weekly
20210928,27007372,45-54,weekly
20210928,31597651,Unknown,weekly
20210928,21436744,45-54,infrequent
20210927,6235635,55+,weekly
20211001,1287283,35-44,weekly
20210928,17931081,Unknown,weekly
20210927,8467402,35-44,weekly
20211001,16795803,55+,infrequent
20211001,14605512,25-34,weekly
20210927,11574432,55+,infrequent
20211001,20256213,35-44,weekly
20210927,22223424,25-34,weekly
20211001,7082012,Unknown,weekly
20210929,10161724,45-54,weekly
20211003,23572613,35-44,reacquired
20211003,26890824,25-34,weekly
20211002,2535521,Unknown,weekly
20211002,1567781,25-34,weekly
20211003,18846635,55+,infrequent
20211003,27421231,55+,weekly
20211002,7410721,Unknown,weekly
20210927,17481615,45-54,weekly
20210929,9157115,35-44,weekly
20210927,28126604,55+,weekly
20210927,12182895,16-24,reacquired
20210927,7976383,35-44,infrequent
20210929,18794851,55+,weekly
20210930,23252624,35-44,weekly
20210927,2416115,55+,weekly
20211002,11956542,45-54,weekly
20210929,17734515,55+,weekly
20210929,14184265,25-34,weekly
20210928,8367474,Unknown,infrequent
20211003,1215013,Unknown,weekly
20211001,2019092,55+,weekly
20210929,12913024,55+,weekly
20210930,18623323,16-24,weekly
20211002,2096631,35-44,weekly
20210928,21532044,16-24,weekly
20211003,24328075,16-24,new
20211003,3402815,55+,weekly
20210927,5194593,25-34,infrequent
20210929,11557755,55+,weekly
20211003,8351034,Unknown,weekly
20210928,13085284,16-24,weekly
20210928,11060382,45-54,weekly
20210929,10945043,55+,weekly
20210928,1784794,25-34,new
20210927,8320723,45-54,weekly
20210929,22594095,Unknown,weekly
20210929,19086783,Unknown,infrequent
20210927,15695875,45-54,weekly
20210928,12074703,45-54,weekly
20211001,23790932,16-24,weekly
20211003,18340372,55+,weekly
20210928,24498303,55+,weekly
20210928,8308142,Unknown,infrequent
20210930,21308355,35-44,infrequent
20210930,24511481,55+,infrequent
20211003,10432912,25-34,infrequent
20211002,10588045,16-24,weekly
20210928,9819025,55+,weekly
20211003,13839983,35-44,new
20211001,8973314,25-34,weekly
20211001,20452203,55+,weekly
20210930,1062961,Unknown,weekly
20210927,19618773,45-54,weekly
20211002,9064471,Unknown,infrequent
20211001,18953293,Unknown,weekly
20210929,10300434,55+,weekly
20211002,24524414,25-34,weekly
20211002,24212235,55+,weekly
20211003,16020733,55+,infrequent
20210927,7886342,55+,weekly
20210928,24215202,25-34,weekly
20210928,16888804,Unknown,weekly
20210927,11248194,16-24,infrequent
20210929,6826842,55+,weekly
20210927,12450774,Under 13,weekly
20210927,3863215,35-44,weekly
20210927,1110072,45-54,weekly
20210929,9993485,55+,infrequent
20211001,581675,35-44,weekly
20211002,9794962,55+,weekly
20211001,21228214,35-44,infrequent
20210930,15845611,25-34,weekly
20211003,7755242,Unknown,weekly
20211001,1807313,35-44,weekly
20211002,17840873,35-44,weekly
20211003,4509701,35-44,infrequent
20211001,14355803,45-54,infrequent
20211002,3300283,45-54,weekly
20210928,30416483,13-15,weekly
20211003,29124503,55+,weekly
20211001,1332643,55+,weekly
20211002,5872803,16-24,weekly
20211001,1028084,55+,weekly
20211002,22634353,55+,infrequent
20210927,28377522,25-34,weekly
20210928,8566184,55+,weekly
20211003,23246832,35-44,weekly
20211003,10282022,25-34,weekly
20211003,26526625,55+,infrequent
20211003,10639904,25-34,infrequent
20211003,289682,Unknown,weekly
20210927,1972183,55+,weekly
20211001,9656735,45-54,weekly
20210927,310011,55+,weekly
20211001,10472253,35-44,weekly
20211003,26768963,Unknown,weekly
20210927,272963,55+,weekly
20210927,17319255,Unknown,infrequent
20210929,25530465,45-54,weekly
20210928,7629084,35-44,weekly
20210930,22652373,55+,weekly
20210927,14290185,45-54,weekly
20210928,10080552,35-44,infrequent
20211001,8737661,55+,weekly
20211003,6048144,45-54,weekly
20211001,24668782,45-54,weekly
20211003,23955241,16-24,weekly
20211003,17787212,45-54,weekly
20211003,22790062,16-24,weekly
20210930,8964613,55+,weekly
20210929,23610692,55+,weekly
20211003,15638183,55+,weekly
20210930,21331395,Unknown,weekly
20211002,8024851,Unknown,infrequent
20211003,18452173,25-34,weekly
20211001,11957144,16-24,reacquired
20211002,10548633,55+,weekly
20210928,24223132,45-54,weekly
20211001,7480474,25-34,infrequent
20211002,23647274,55+,infrequent
20211003,15548173,16-24,weekly
20210927,2777203,Unknown,weekly
20210930,26224172,25-34,weekly
20210929,1512341,Unknown,weekly
20210930,23399773,35-44,weekly
20210930,14557765,55+,weekly
20210930,14641503,Unknown,weekly
20210930,5596194,25-34,weekly
20210928,11205494,Unknown,infrequent
20211001,7864283,55+,infrequent
20211003,7215555,45-54,infrequent
20211002,27801721,55+,weekly
20210929,13675873,55+,weekly
20211003,31528552,16-24,weekly
20210929,13596745,55+,infrequent
20210928,9556224,Unknown,weekly
20210929,20617221,Unknown,infrequent
20211003,12170493,25-34,infrequent
20211002,25744755,16-24,infrequent
20210929,11797713,25-34,reacquired
20210929,482745,55+,weekly
20210927,2148502,55+,weekly
20210927,20363371,25-34,infrequent
20210930,26439835,16-24,weekly
20210927,28522942,Unknown,weekly
20210929,9366095,55+,weekly
20210928,7615053,45-54,weekly
20210927,24886983,16-24,weekly
20210928,13774712,16-24,new
20211003,3574773,55+,weekly
20210928,29167785,55+,infrequent
20210929,25396393,55+,weekly
20211002,10561235,45-54,weekly
20211002,7749714,35-44,weekly
20211001,2053194,25-34,infrequent
20211003,18569764,45-54,infrequent
20210927,1447184,25-34,weekly
20211003,11485682,35-44,weekly
20210929,3547924,16-24,weekly
20211003,5013304,55+,reacquired
20211003,96333,35-44,weekly
20210928,15541783,25-34,infrequent
20211001,12476825,55+,weekly
20210928,10624303,25-34,weekly
20210928,13466473,25-34,weekly
20210927,10534653,25-34,infrequent
20211003,33381051,45-54,weekly
20210929,4613671,45-54,weekly
20211003,7921114,Unknown,infrequent
20211003,146032,25-34,weekly
20211003,30293034,Unknown,weekly
20210928,13595464,35-44,weekly
20210928,30462333,25-34,infrequent
20211002,16888304,13-15,weekly
20211003,8096224,Unknown,weekly
20210930,24475934,45-54,reacquired
20211003,27180993,35-44,weekly
20210929,2324032,45-54,weekly
20211003,28026411,25-34,infrequent
20210930,11917201,25-34,weekly
20211001,12892512,16-24,infrequent
20211003,18916545,55+,weekly
20211002,7858391,Unknown,weekly
20211002,11595755,55+,weekly
20211003,25782562,55+,infrequent
20210929,21023852,45-54,weekly
20211002,28294252,55+,weekly
20211003,19119472,25-34,infrequent
20210927,12182982,Unknown,weekly
20210929,20838705,55+,weekly
20210927,17052884,25-34,infrequent
20210930,26529614,16-24,infrequent
20210929,25880955,35-44,weekly
20210928,30176804,55+,weekly
20210929,24933662,45-54,weekly
20210928,7622423,25-34,weekly
20210930,24505265,35-44,weekly
20210928,16720324,Unknown,infrequent
20211001,13913763,55+,weekly
20210929,16776364,Unknown,weekly
20210928,23841435,55+,weekly
20211003,6301154,16-24,weekly
20211002,27164085,16-24,weekly
20210927,18626884,55+,weekly
20210930,12959945,55+,weekly
20211003,22163492,25-34,weekly
20211003,9025312,Unknown,weekly
20211002,6724813,16-24,infrequent
20211003,29241774,55+,weekly
20211003,27651831,55+,weekly
20210927,16646522,25-34,weekly
20211003,22505583,Unknown,weekly
20211003,16267653,35-44,infrequent
20211003,32208994,45-54,weekly
20211002,14701961,25-34,weekly
20210927,12797512,Unknown,weekly
20210928,15498161,16-24,weekly
20211001,25173432,Unknown,weekly
20210927,9058423,16-24,weekly
20210929,11543141,55+,weekly
20210928,23789181,16-24,infrequent
20210927,23244521,16-24,weekly
20210928,15997952,45-54,weekly
20210927,17779311,55+,weekly
20210930,26699261,45-54,weekly
20211003,19554484,35-44,weekly
20210930,9086975,55+,weekly
20210927,5583474,55+,infrequent
20210927,13288541,16-24,infrequent
20210929,246852,55+,weekly
20211003,33611554,55+,weekly
20211003,12789271,55+,weekly
20211001,13045011,45-54,weekly
20210929,26320561,45-54,weekly
20210928,7196022,55+,infrequent
20210927,1457233,25-34,weekly
20211002,28728523,35-44,weekly
20211003,14573902,16-24,new
20210928,8679915,55+,weekly
20211003,5909345,25-34,infrequent
20211001,20712214,25-34,weekly
20211003,2781582,45-54,weekly
20211003,17689274,25-34,weekly
20211001,7704512,55+,weekly
20210930,19223613,25-34,infrequent
20210928,11979683,25-34,weekly
20211001,13677875,25-34,infrequent
20210928,22889613,16-24,infrequent
20210928,1345802,16-24,reacquired
20210929,6028684,Unknown,weekly
20210929,9510612,Under 13,weekly
20210928,15466613,16-24,weekly
20210928,29714582,45-54,weekly
20211002,22679862,45-54,weekly
20210928,27380494,45-54,weekly
20210928,23556311,55+,weekly
20211001,20407114,55+,weekly
20210927,26144075,35-44,weekly
20211001,14464245,45-54,weekly
20210930,11375731,25-34,weekly
20211002,8120795,35-44,infrequent
20210928,13489814,Unknown,infrequent
20210930,24396572,45-54,weekly
20210930,17937775,25-34,infrequent
20211002,22895572,16-24,weekly
20210927,14524555,25-34,infrequent
20211003,15751734,Unknown,weekly
20211002,24057884,25-34,weekly
20211003,13988953,25-34,weekly
20211003,27596925,35-44,weekly
20211002,15795853,55+,weekly
20210930,14148734,45-54,weekly
20211003,14448464,55+,weekly
20211003,17971274,45-54,weekly
20211003,11862335,45-54,weekly
20210928,32460984,45-54,weekly
20210928,29741404,35-44,weekly
20210927,24401782,35-44,weekly
20210929,6850153,35-44,weekly
20210928,31198321,16-24,infrequent
20210928,30189933,16-24,weekly
20210928,31759884,16-24,weekly
20210929,25801561,55+,weekly
20210928,9838762,25-34,weekly
20210927,23059025,55+,weekly
20210930,9553391,55+,weekly
20210930,23592043,25-34,weekly
20210930,119831,55+,weekly
20210928,12795053,55+,weekly
20210927,15034113,35-44,weekly
20211001,21453275,55+,weekly
20210929,15903005,55+,weekly
20211001,18995093,45-54,weekly
20210930,15934963,55+,infrequent
20210929,16881121,55+,new
20210929,7922695,35-44,weekly
20211002,22490253,16-24,weekly
20211003,15108312,25-34,infrequent
20210930,15713012,Unknown,weekly
20211003,31323875,45-54,weekly
20210930,14820502,Unknown,weekly
20210930,6539682,Unknown,weekly
20211002,20736925,55+,weekly
20211002,14257191,45-54,infrequent
20211003,19323625,25-34,weekly
20211003,12518015,25-34,reacquired
20211001,19231715,55+,infrequent
20211002,10772771,16-24,infrequent
20211002,16826393,45-54,weekly
20211001,12584645,35-44,weekly
20210927,19029703,55+,weekly
20210930,20916555,45-54,weekly
20211001,10518545,35-44,weekly
20210927,6380072,35-44,weekly
20210927,22603871,25-34,infrequent
20210927,19326394,55+,weekly
20211001,11288335,55+,weekly
20210930,7973825,45-54,weekly
20211002,21466201,45-54,weekly
20210927,25550101,45-54,weekly
20211002,18202592,Unknown,weekly
20210928,28518914,16-24,weekly
20211002,10040453,16-24,infrequent
20211003,9988881,Unknown,weekly
20211002,14550353,13-15,new
20211001,7641182,35-44,weekly
20211001,18897311,25-34,weekly
20210928,11305863,55+,infrequent
20211002,1665625,35-44,weekly
20211003,26758574,Unknown,infrequent
20211001,6624511,Unknown,weekly
20210929,25316444,25-34,infrequent
20210927,20064501,55+,infrequent
20210927,24835232,25-34,weekly
20210927,11426563,Unknown,weekly
20210929,18456475,55+,weekly
20211003,14149343,55+,weekly
20210929,965674,55+,infrequent
20210930,20096075,35-44,infrequent
20210930,25488915,25-34,infrequent
20210929,22808754,45-54,weekly
20210928,11266821,16-24,weekly
20211002,7935301,55+,weekly
20210930,17244612,35-44,weekly
20211001,831785,45-54,weekly
20210928,8635091,25-34,weekly
20211001,22300102,35-44,weekly
20210927,11878721,25-34,weekly
20211003,11625365,55+,weekly
20210928,18846771,55+,weekly
20211003,12418531,55+,weekly
20211001,1173915,55+,weekly
20211002,13056484,Unknown,infrequent
20211001,8390334,55+,weekly
20210930,493652,25-34,weekly
20211002,24854471,55+,weekly
20211002,9933412,55+,weekly
20210929,6854283,55+,weekly
20211002,3687164,45-54,weekly
20210927,5907631,25-34,weekly
20210930,12404311,16-24,infrequent
20211001,8444181,Under 13,weekly
20210928,8893981,25-34,weekly
20210930,20302155,55+,infrequent
20210928,18864392,25-34,weekly
20210928,18182311,16-24,infrequent
20211002,19803933,55+,infrequent
20210927,8196753,55+,weekly
20211003,11820833,45-54,infrequent
20210927,19919981,25-34,weekly
20210929,17134133,16-24,weekly
20210930,25366335,45-54,weekly
20211003,29856021,25-34,infrequent
20210928,29546204,25-34,infrequent
20211003,15578081,16-24,weekly
20211002,27024784,45-54,infrequent
20211003,19571774,55+,weekly
20211002,14571691,55+,weekly
20211002,434031,55+,infrequent
20211001,19447905,25-34,infrequent
20210929,10407573,55+,weekly
20210930,7247355,45-54,infrequent
20211002,20385042,55+,weekly
20210927,11808052,45-54,infrequent
20210927,11784635,Unknown,weekly
20210929,20082953,45-54,infrequent
20210927,10247765,55+,weekly
20210928,24808681,25-34,weekly
20210927,27596731,55+,weekly
20210928,8249511,45-54,weekly
20210928,18644104,45-54,weekly
20210928,7998641,55+,new
20211002,12532244,55+,weekly
20211003,8474831,55+,weekly
20210927,21202382,25-34,reacquired
20210930,13827115,Unknown,weekly
20211001,22470815,55+,infrequent
20210927,719964,55+,weekly
20211003,18784341,45-54,weekly
20211001,15127635,45-54,weekly
20211001,12452555,45-54,weekly
20211001,11394354,55+,weekly
20210927,19664954,55+,weekly
20210927,12848512,55+,infrequent
20210930,7167352,Unknown,weekly
20210928,15596745,35-44,weekly
20211001,5616073,16-24,weekly
20210930,20559741,55+,reacquired
20210927,7647573,55+,weekly
20210930,483543,Unknown,infrequent
20210929,15040521,55+,weekly
20210928,21849821,35-44,weekly
20210929,19738241,55+,infrequent
20211001,20976151,Unknown,weekly
20211002,5205451,Unknown,weekly
20210930,13553645,45-54,weekly
20211003,28333711,55+,infrequent
20211003,3140674,25-34,infrequent
20211003,17263,Unknown,infrequent
20211003,29244912,55+,infrequent
20210928,20882845,16-24,weekly
20210929,2156893,16-24,reacquired
20210930,21019922,16-24,weekly
20211002,12723743,55+,infrequent
20210928,24460653,Unknown,infrequent
20210928,30903915,16-24,weekly
20211003,32683772,25-34,infrequent
20211001,17695853,35-44,weekly
20211002,9386071,25-34,weekly
20211002,14259841,35-44,weekly
20211003,14404815,16-24,infrequent
20210930,7783473,45-54,weekly
20211003,7971353,25-34,weekly
